tweet	label
Hi dlawile ğŸ¤£ğŸ¤£ğŸ¤£	negative
Hawena hinga ni tsika pah	negative
Ali exageram ih	negative
Wa pupuruka wena.	negative
Wayi vona manica ya nyuwani	positive
Khasi u djulaa niku hini mamanee!	negative
Ni bom by Noh Dja djuala ntse	positive
Uni Txova Yini &gt; #Moneycomio #HipHopMoz	negative
Cinderela wa mina I love u babe â™ªğŸ’ƒ	positive
ni yingisele niri kola Mocambique ka chokwe thwii	positive
A ta ti nhelağŸ˜‚	negative
Wa vurisa mfowethu.	neutral
Hi pfhukile. A va tsongwana va thlanga. Khanimambo. Ho yini kupfhuka?	positive
Loko u va kuma va tlanga, tlanga nawenaweğŸµ Loko u va kuma va tirha, tirha nawenaweğŸµ Loku u va kuma va phusa.ğŸµ U nga kalavalewi hi vanghano mani	positive
Na mina nile ku yingiseleni ka nongonoko lowu wo xonga swonghasi nirila Mozambique ka Khubu njhe	negative
Ihh ih ih ih um perigoso awenaa	negative
Maputo ka hisa sorry la	negative
Ni sungulekile khale mfana ğŸ˜‚	positive
Hii ni livrarih !	negative
A Vasati laku Tawas	neutral
hahahahahaha faxavor ya ğŸ˜¹ğŸ™„ don't âœ‹ğŸ½	negative
Nambe mina. Ni pfhuki kwatse. Khanimambo	positive
wena kumele uhambisweâ€¦ğŸ¤ğŸ¾	neutral
A ku xonga ğŸ˜‡	positive
Wena awu ni tendere nkata ')	negative
Essa noite ? Swa hila	negative
sim ğŸ™ˆ Teka famba	positive
Utomi Nzanga Za Ku Tsakissa #PretoDeMoz #Enjoying The Life em Maputo, Mozambique	positive
Swo yini ku phfuka?	positive
pandzela ntsandza wa majaha Nwana I tiva hi Mutswari Baji ra makhelwani wari ambala ritlhelaâ€¦	neutral
Hi tafa hi ndlala	negative
dzixilela wena mufoto ho ini hi ku pfuka?	positive
Happy birthday Mo G ğŸ‚. Aku Huma ni humaka (quarentena, wena para Nita dlaya ğŸ» ğŸºğŸ˜¹ğŸ˜¹ğŸ˜¹ #morelife	positive
Yuh. MamÃ£. A ni ku lavi minağŸ•ºğŸ¿	negative
Outros ; YABA BULUKU ğŸŒ Outras ; LA KAMINA KUNA TXUKELA ğŸ Eu ; NOLAVHA KU PHUZA NIFAMBA ğŸ»	positive
Misava yi Bihile ihhğŸ˜¤ğŸ˜¤â¤ï¸â¤ï¸ğŸ¤²ğŸ¤²ğŸ¤²ğŸ¤²	negative
"": Auxeni, inlhikani,li xile, ku ndjani, unga ni nhenhentsi, ni bihile, u shonguile, wa nunwa, a ni pfukanga kwatsi.""ğŸ˜¹ğŸ˜¹ğŸ˜¹ğŸ™ˆğŸ™‰ğŸ™Š	positive
Nawene tem que o tsika madururo u pimissa nhana	negative
Niku zwÃª tititi, a ni ngueni mina ! ğŸ‘€ğŸ™Œ	negative
ğŸ˜¹ğŸ˜¹ğŸ˜¹txuvuka leswi lani ğŸ˜¹ğŸ˜¹ğŸ˜¹ğŸ˜¹	positive
#HHW zama kuti hlanganisa na yena chomi ya wena face to face unwi tsunduxa hi xikweleti don't give up	positive
ğŸ˜‚ğŸ˜‚ğŸ˜‚ğŸ˜‚ğŸ˜‚ğŸ˜‚i rhandza mina, phela kuza xi rhandza camera hi kola ka mina	positive
Akusaka ka ndlama kopitira ku #Collerboxparty ndani ameneyo?	positive
A xinkwa lexi xa le missaveni u ndzuluti we Tatana hakukombelağŸ’ƒğŸ’ƒğŸ’ƒ Lililili	positive
If phfukilÃ©. Ah ih se vona swa ku kazata. Mwina kÃ©	positive
Va khu ndzaveta u va khuma la	negative
Wa txintxa ğŸ˜‚ğŸ˜‚ğŸ˜‚ğŸ˜‚ğŸ˜‚ğŸ¤£ğŸ¤£	neutral
Ku lhamba vavakulo	neutral
Kaya ka vo vovo. Nkanyini wa mgilo Magude	neutral
Ni bom. Ho yini?	positive
Uni endla yini hivu nanga mani nile xokwe dstv	negative
wakutiva amagude dj akaya kaya ka mina	neutral
#HHW boti tshama na muti wa kokwani. Sesi famba vukatini bya wena	positive
Ubakka Va ta zwa ku vava	negative
Kea tshosetsa mara o ke wena ğŸ¤£ğŸ¤£ğŸ¤£ğŸ¤£	neutral
Ya disko funk ğŸ˜‚	positive
Hi ta kunhemela le titxini ikussa ya ku randza na Hina hÃ¡ kuxuva makhero	positive
Ni yingiseli wena sesi khensi nile xokwe Mozambique	positive
Tsika ku hanha hutomi dza vamwanhane ğŸ˜Š	negative
Uta ni dhlaya	negative
SÃª vha ni vitile. Niya ti dakwela. Nitsama hansi, ni da nhama. Ni tlhela ni phuza, ni va nhenhentsa .	positive
na mina nimi kuma kahle nirila Moz ka Khubu	positive
Ya ya ya! magoanine	neutral
Aleluia xikwembo xa matimba tlhatteka vhoko dzaku ku Hina vana wakhu hi kombela a matimba yaku	positive
I'd sing ""Hita famba moyeni nkathanga"".ğŸ¤£	positive
Wali wa Dula ğŸ˜­	negative
Mozambique is burning #tag Nghena mintirho wa vulavula Chicualacuala District	neutral
Ni pfhukile. A va tsongwana va thlanga. Khanimambo ğŸ™ğŸ¾	positive
Nikombela ku etlhela ğŸ˜¢ğŸ˜“	negative
RT Obama, ce u dakwile ()	negative
Xikwembo Xanga HaleluiağŸ™ŒğŸ¾, Hi Cussa Hina JÃ¡ Ya BuyağŸ‡²ğŸ‡¿ğŸŒ	positive
Haa. wa hemba	negative
A loko niko hi matilho lo bindza,minengue wo tiya	negative
niku yingiseli nile xokwe Mozambique nilo gaa dstv	positive
Vha ta dlayağŸ˜­	negative
""ku laveca Mali, a ku laveke ntizo laku sasseka"" âœğŸ¿	positive
ALOKU NIKU IM. ğŸ˜› ğŸ‘ŠğŸ¿_/ \_ğŸ‘ŠğŸ¿ ( . ) ğŸ† ğŸ‘– YABA BLACKFRIDAY ğŸ˜¹ğŸƒ	positive
Tivha yini hi paixao wenaa	negative
awuxeni va haxi va mina va nduma mina nipfukile nho dja mpungu ni lava akuya dsundzisa aritiwa ramina nihlaula amudji watimali	positive
Swi mbeni e mÃ¡ vagwi ya mÃ¡ like	negative
ğŸ˜¹ğŸ˜¹ğŸ˜¹ğŸ˜¹ ih fswona ndwena, A ciku para vhaku biya dzi ta tlassa	positive
Twana a marhito ya ntiyiso	positive
A vavasati va ma mecha ugue vÃ¡ heti wena.	positive
Uwani me chamou de marandza ihğŸ˜­ğŸ˜­ğŸ˜­ğŸ˜‚ğŸ˜‚ğŸ˜‚ğŸ˜‚ğŸ˜‚	negative
""A lirandzo ih mensa ni behula Vhata tshemelela inkwafswo fswaku biya"" â¤ï¸	positive
Wa biwa wene	negative
Hi pfuki bem, a whana wa tlhangua akuna ku karata, whina ke?	positive
ğŸ˜‚ğŸ˜‚ğŸ˜‚ ani nhlaya leswi ni swi vonaku	neutral
Aaassh wena mani. ğŸ˜©ğŸ˜©ğŸ˜©ğŸ˜©ğŸ˜©ğŸ˜©ğŸ˜©ğŸ˜°	negative
WENE U XIMATE XA BOENE ğŸ˜â¤ï¸	positive
""A loko wa nuna a baleca wa nsati nambe hele bonita. Xicona, xicona lexi xi balequisaca lueyi wa papa.""	negative
ğŸ™† hosi yanga ğŸ˜¹ğŸ˜¹ğŸ˜¹	negative
Hipfukile ingo wena?	positive
U womu sau?	neutral
Fotos do IDAI tsika ku hi hembela	negative
Hi maka Ruy ğŸ˜‚	negative
A gwala hi phuzile	positive
Teka Famba, Papu	positive
Karingana wa karingana-JosÃ© Craveirinha	positive
U tah yi phuza impala ğŸ˜¢	positive
Ho yini ku pfuka?	positive
Swa mbangue ni ma cigarri !	negative
#PhaphamanaMunghana Community weeâ— Avuxeni vanhu vamisava. Woza friday, hlayisekani miyingiseri #phaphamanamunghanalonene. Ahitireni hita hola male yosaseka. ixiGwambana kusuka la a Gwambeland, vana va Gwambe na Dzavale.	positive
he uncle miri I birthday ya nwina namutlha?	positive
Dzixile ho yine ku pfuka?	positive
leswi ni swi vhonaka mine	positive
""Estrela we! U randza mane, ku mina na yena?""	neutral
Muhaxi lwiya ho hatlisela ngopfu loko a haxa hi wini wakona left or right?	positive
Munganu leswi swa lhanhelana bha , upimissa swaku o miss universo loku upfuka yuu uli hansi	negative
Nitaku panhula hi xinwui* xa tiroğŸ˜‚ğŸ˜‚	negative
ni nga dlawi ğŸ˜‚ğŸ˜‚ğŸ˜‚ğŸ˜‚ğŸ˜‚ğŸ˜‚	negative
He Kombela ntirhu ta replace rendani ndou ani maphepha hungu yari iya Ka pirates ğŸ˜‚ğŸ˜‚ğŸ˜‚	neutral
Va yi kwine a vangana va wena â¤ï¸ Vila olimpica do Zimpeto	neutral
Ni pfhukile. Khanimambo. Wene ke?	positive
namunthla mu ta nitwa.	positive
Ina ku jika jika ntsena	negative
Todos escutamos mina ninguÃ© fambi yi lÃ¡ ğŸ˜‚ğŸ˜‚	neutral
Hahahahah Futseka Wena ğŸ¤£ğŸ™†â€â™‚ï¸	negative
Himpela wo nhimela nkama wa ko u fika, yena a poronto, ni mu fundile bem, mas wa karhata nhana.	negative
Alirandzo hi mintxumo xa lissima Kutlula a timaka xatimale â¤	positive
comekiÃ©ee ğŸ˜‚ğŸ™ŒğŸ½ğŸ”¥ Ni speed, cumbi sfwayantswa?	positive
Mine ni waku ehh Mbilo yilava wenee ahh My bae you're so sweet baby My bae you're so fine Loko niku vona ku tsatsa tsa ninyetxela wenee. â™ªâ™ªâ™ª	positive
#Topic mina vahaxi ani hambanisi swafana na vanhu va hlonge ya mina ntsena i respect kufana na uwani	positive
Mina noh Famba!	neutral
ğŸ˜‚ğŸ˜‚ğŸ˜‚ kwini? wa swe tivah nah weneh swakuh ni strong	positive
U tsama u ui vona a mbongolo yi nga xidjana? ğŸ¤” Ih leyi Lani ğŸ˜‚ğŸ˜‚	negative
ku famba yin la Africa do sul?	neutral
Swi mbeni. Mas vale u mielaa	negative
Oww ok ih	neutral
Afinal fere a vista? ğŸ˜‚ğŸ˜‚ğŸ˜‚ Ni dzivaleli a ni nga swi tivi ğŸ¤£	negative
Ni yingiseli kola Ka doroba laka CHOKWE dstv niyo gee na vovo flora mathonsi	positive
mina vhahaxi nipfukile ni ndlhua ni teka amungano wamina hitaya ntirweni nimukeme iwa hayo le'lhee.ğŸ˜‚atwa axirhami katitimela la magude	negative
Ahahahahaha ih ya ya ya	neutral
hi nga ribali futhi na mhaka leya Ku dlaya vanhu va ti albino	negative
A hombe. Khanimambo. Ho yini?	positive
Nita txintxa bradağŸ˜‚	positive
Madala lweyi namufeva, wativa stereka!	positive
ğŸ˜ğŸ˜ğŸ˜ğŸ˜ğŸ˜ğŸ˜‚ğŸ˜‚ğŸ˜‚ğŸ˜‚ğŸ˜‚ Ka khulu lako swaswameta lo gaa hi xikosi	neutral
Na hanha. Aswina ku kazata. A vatsonguana wo thlanga.	positive
Eeeh a nsati lwei a banana maj.	negative
Ni li hinkwaxu ta xona Hi mintizo ya Xikwembu	positive
Ukanga umakuma lawa ya RAYMOND? Atakuvavisa madala.	positive
Jeremias Nguenha - La Famba Bixa Abilio Mandlaze - Juro Sinceramente Abilio Mandlaze - Ulava ni ti sunga	positive
Jimmy Dludlu - Mu Tumbelelwana ğŸ¶âœ¨	positive
Iii telivisor ya wena ya LEGOğŸ˜‚ğŸ˜‚ğŸ˜‚ğŸ¤£	neutral
Super sweet Sunday ka nsati wamina nthabiseng mashaba ka xokwe nwana mina inocente mamani flora mathonsi ka xokwe	positive
U ta swi vona.	negative
A xitimela xi ni siyile muzaia.	positive
Ni cizi weni, unga buyi ni taku.	positive
ni khome buti	negative
Aweh. A tihlu ğŸ˜­	negative
ğŸ˜€ğŸ˜€ğŸ˜€ Acha tariqa hai RT lene ka	neutral
Senhora atirha hospital privado lani a humaka kona vatwa hiyena vana vayena angava pfumeli vatlanga na vana vanwani	negative
niku khoma nile xokwe dstv	neutral
MINGAS - Alirandzo. MINGAS - Mamana. ANIANO TAMELE - papai se hi fikile.	positive
Hi Nkomu! Mo hini hi ku pfuka ?	positive
Ni pfhukile. Ho ini kupfhuka?	positive
U bom mana tt ni yingiseli wena kola ka xokwe Mozambique	positive
ğŸ˜‚ğŸ˜‚ğŸ˜‚ğŸ˜‚ğŸ˜‚ğŸ˜‚ğŸ˜‚ lo gaa ni kume vanwani vantswa	neutral
#Topic i vona hiku na loku mihlangana anipfuxeliwi, niblockiwa ka ti social ntwrk	negative
hii wa ni xicha :-(	negative
kasse u txava hinni	neutral
Dzi xile va makwezo !	positive
AWENAAH. U mukulu. ğŸ˜‚	positive
A Pandza wa kho ğŸ•ºğŸ½	positive
Rendes Xikento ihğŸ˜‚	positive
ğŸ˜‚ğŸ˜‚ğŸ˜‚Ina mas wa ma navela	positive
Yuh. VÃ¡ djula ku ih hlongola ka tiku ledzi. Ih dhlawileh	negative
xilo ndla yin ni kayerini	neutral
Nada a swi twsisiseke	negative
Kama Bill Gates angekua ni nchi, basi angekua ni nchi ya kwa utajiri duniani! #ElimikaWikiendi	neutral
minga valavuli hi mbilu ya mina ya vava vahaxi.	negative
Auxenee Tek, hoyinee ku phukaa?	positive
ğŸ˜‚ğŸ¤£ğŸ˜‚ğŸ¤£ğŸ˜‚ğŸ¤£ epah Yah afinal acontece la ğŸ˜‚ğŸ¤£ğŸ˜‚ğŸ¤£ğŸ˜‚ dzukuta para aqui dzukuta para ali ğŸ˜‚ğŸ¤£ğŸ˜‚ğŸ¤£,	positive
#PhaphamanaMunghana na xipano xa phaphama inkomu swinene, ahitireni hita hola male yosaseka. Siku ra kahle na kava engiserhi. IxiGwambana eGwambeland.	positive
Moya wanga u ndzunissa Hosi A moya wanga Hosi Hosi Hosi Aku ndunissağŸ’ƒğŸ’ƒğŸ’ƒ	positive
""Siku dza mundzuku adzitiviwi hi munhu, sÃª swayampsa utidondzela weena, ROSALINAA"" OuÃ§a #Rosalina de Keyce no #SoundCloud	positive
Manhokonhoko tsem . ğŸ¤¦ğŸ½â€â™‚ï¸ğŸ¤¦ğŸ½â€â™‚ï¸ğŸ¤¦ğŸ½â€â™‚ï¸ SWA ti mbangue ni ma cigarri leswoo.ğŸ˜©ğŸ˜©ğŸ˜©. Lol. Just jkn	negative
Wenna hu ta ni txanissa ih voz man	negative
Ceh Ina ka! I para hi ku yini?	negative
A xilungu xakarata. ğŸ¤¦ğŸ¾	negative
Yehova Hi Murussi Wa Mina ğŸ’â¤ Marracuene	positive
Wa yitiva wena kumbe hota mbangui loko yi nhiwe himbutiğŸ˜‚ğŸ˜‚ğŸ˜‚ğŸ˜ğŸ˜na weğŸ‘‰ ğŸ˜‚ğŸ˜	negative
Kutta ka bacha	neutral
#Gingirikani swiya hiko tembisana ka vona e ku sunguleni	neutral
loko yi dyiwa jaa	neutral
Ni xisela Wena #Njovo	positive
Ma sweet lady ma talil Ma sweet lady ma talil Mina ni be dji utomi Ni funga kufa niku hanhana I will always love you Ma talil	positive
Namina one day vata ni posta va beka mbilu â¤ï¸ğŸ˜©	positive
Nkhosi, Dlamini Wena WeKunene. Thank you Cuzâ¤ï¸	positive
Nami hoyozela vahaxi vamina va migingiriko na tsemba swaku muyetlhele kalhe ami bedweniğŸ˜‚ğŸ˜‚ğŸ˜‚loko mu suka kağŸ‘‰ toloğŸ™ˆ	positive
"" Mina nawena, wena namina, #LovarÃ‰Nice, utatwa kunandzika ! ""	positive
Ni Teka ni famba ou no dÃ¡ ko halağŸ¤”	neutral
ğŸƒğŸƒğŸƒğŸƒğŸƒğŸƒğŸƒğŸƒ ğŸƒğŸƒğŸƒğŸƒğŸƒğŸƒğŸƒğŸƒ yuwii AMARGOU .ih mine lwe yaa	positive
Mr Bow - Ni tafa na wena	positive
A vhula vhula ngopfu problema	negative
Wa nsila lweyii. ğŸ˜ª Damnn	negative
Poora gramo mng de Mathapa pah foodaz. Patsa Ni ma hanti	positive
Famba kerekene, nhanyana ndizwena.	positive
A u tivi ntxumu	negative
deve nikuh loya XA loya	negative
Vamos demostrar solidariedade masculina! A XI pfutseki	negative
loko dj momu siya yexe sikurinwe lani ka vangarikona na na buti anga swihaxa hkwaswo loyi wa dj atlhela abala nitilhoko mhaka ta mahungoğŸ˜‚ğŸ˜‚ğŸ˜‚ğŸ˜‚ğŸ˜‚ğŸ˜‚ğŸ˜‚	positive
vata rin Ka wena	neutral
Fvck U PhağŸ¤£	negative
Hi Ta Hambana Hi Ma Central ğŸ˜­ğŸ˜­	negative
uh dzah ih mbangue Mr Virgil	negative
Naminau kata na fhinavela acufamba ni ti tsaguela, cubo uia xplanada.	positive
Vanhu va mali ku khola ğŸ˜‚ğŸ˜‚ Ressano Boarder	positive
porras ya, swi tÃ¡ gama hi merda	negative
Dzixilee, mo hine ku phuka.	positive
entÃ£o ungah ni trapalhari wena pah.	negative
Ohh hosy yanga dzi xurisse hi moya waku dzi tiya dlhelene yaku â™¥ï¸ Saudades.	positive
ğŸ˜¹ğŸ˜¹ğŸ˜¹ğŸ˜¹ conforme mo swi vonaka	neutral
Loku u khaya nkakağŸ˜‚ğŸ˜‚ğŸ˜‚ğŸ˜‚u tlanga hii posiÃ§Ã£o	positive
Vatlanga ha lonağŸ˜‚ğŸ˜‚ğŸ˜‚	neutral
Unga hi nhenhentsi wena	negative
""Kuni guala la? Kuni va fana la?"" -Rupi Kaur	positive
Ikhali mina ni zunga waku djokuni tolovela - sg	negative
U S â€¦ #AQORMV Ndlavela	neutral
Ova na vuntswaka lowa nhloko	negative
Matximba yaku ingui swa mahala ğŸš®ğŸš¶ğŸ¾ğŸƒ	negative
Ali mina ni:	neutral
Nasty C ih âœ¨ğŸ™ŒğŸ”¥ğŸ”¥ğŸ”¥ğŸ”¥	neutral
Akuna Xitomboo swaku thlanga ni Mboloo ğŸ‘¯â€â™€ï¸ğŸ‘¯â€â™€ï¸ğŸ‘¯â€â™€ï¸ğŸ‘¯â€â™€ï¸	neutral
KI estÃ¡ a criar um Vuku Vuku grande sabe	negative
Auxeni .mho wine ku phuka	positive
Male ya Machangana :D	positive
Uh tah ssala va uhlolo	positive
Hini ya tsutsuma bai hee Malembe ni Malembe ka mugango lowo	positive
mi nga rivali ku happy birthday Eka mina	positive
Loku u navela Ku tissunga, tissungueğŸ•³ï¸	negative
Hee . ha ni wa lewso mina ğŸ˜­ğŸ˜­ğŸ˜­ğŸ˜­	negative
bona kuri wendle yini munu waxikwembu.ğŸ˜–ğŸ¤£	neutral
u tsika mova kaya namunthla	positive
Xa ku txukatxukanhana mas a Kehelee ğŸ˜‚ğŸ™Œ	neutral
Ayo buya anikhoma, aku teka nuku nhicağŸ˜‚	positive
#Topic akuna ku hambana vahaxi na hlonge yinwani ntsena i respect.hi bula navona ive hi share navona ka ti social	neutral
Oh Ok xÃ´ niku txiketile	negative
Dadinhaz around tha world hani tsikka ka maputo afamba a tshama london	negative
ğŸ’‰ Auxene ka Gaza!	positive
A xitilo xa bobi hi xi?	neutral
admitam, mu vha yive nwine.	negative
Niku swÃª tititi ğŸ˜‚ğŸ˜‚ğŸ˜‚ğŸ™†	neutral
Utwa mbangui wena	negative
ğŸ˜‚ğŸ˜‚ğŸ˜‚ğŸ¤£ Wa hlanya wena Kea bona.	negative
Rirandu ari danisi loku wanuna akari akuranda naloku wansati aku randa aswisangi swi danisa	positive
A Nina male minoo, noh tivha ku kina (blaze's voice)	positive
Mawako.muito nice ih	positive
Hi ta ya ka wutomi !	neutral
Ahi tivaneni Mina ni leonildo wali chokwe wena ke ? ChokwÃ©	neutral
"": Na vadwa, ani sida, a nina nuna, nita feva ku kundza, ka hissa, ka titimela, hissa, ndzeni, handle, tilhanpfe""ğŸ™ˆğŸ™‰ğŸ™‰	neutral
Ya mas iih, nada ğŸ˜‚ğŸ˜‚	negative
Ku njhani ni nghena kola chokwe	positive
â€œA xwi chegui ka?â€ ğŸ˜­ğŸ˜­	negative
Himina muyivi WA botija ğŸ˜‚ğŸ˜‚ğŸ˜‚ğŸ˜‚ğŸ˜‚	negative
Avelino Mondlane - Ndjombo Ya Lirandzo ğŸµğŸµ	positive
Xanga xa malembe. Xita vamba Xita buya ğŸ˜ğŸ¤ğŸ‘Œ	neutral
Tiva Hini hi khu fassa ğŸ˜¡	negative
A mbangui mu dzahaka Yowe yowe	negative
Ni kola Ka xingange vani khome bom MA's and Ku tlangeliwa birthday	positive
Mom of kids Mamana wa vanana	positive
Matshonela Yakoh (mana mina) Mabarri Yakoh (mana mina) Mas a mpfhana wa nheketo lweyi anga guentanga ih wene âš¡ï¸ğŸ¶	positive
Nidzumba nanwina ka mungana	neutral
Mhunti ya mona Soweto-em Casa Chokwe	negative
Varikufanirwa Ku adviser ani.	neutral
Aha. Auxeni ti nguavani	negative
Hello sisi! Ni kombela round ğŸŒ	positive
Uh stivissa ku ine leswu?	neutral
Hinkhomo. mo yini hi ku pfuka?	positive
Maningue ğŸ˜‚ğŸ˜‚ğŸ˜‚ Khanimambo. U pfhukile?	positive
Dzi Xile Na voz de Kanye West	positive
Nwana Makhuvele Mukonwana wa Khosa. Ntukulu wa Manyike. Feliz dia do pai Mhunti ya mona â€¦	positive
Ahu xitwi xizami papÃ¡ ğŸ˜­	negative
Hahahaha Wena pa ğŸ˜‚ğŸ˜‚ğŸ˜‚ğŸ˜‚ğŸ„	positive
mina nipfukile mara anisya helo naha yimela axikongelo xa bava MALEYANE nitatua ku ku djiwa yini atiheleneğŸ˜	positive
sister lowi hikuya himina angatekiwange end ana vana vanarho va papa vo habana end angangeni kereka nabiya wa phuza	negative
Swa* banana pah Mas passamos na mesma	positive
Bom domingo Hosi yi katekisa wena na njangu wa wena. Mhunti ya mona Soweto-em Casa Chokwe	positive
Ni ta rendera	negative
#HistoricEndtimeRevival Celebrando o Senhor MIKULUNGUANA KA YESU ALILILILILILILILILI ALILILILILILILILILI ALILILILILILILILILI ALILILILILILILILILI	positive
Nisuka xokwe sweswi tani bazara ka xingangi agora	positive
Khanimambo ğŸ™ğŸ¾. Hi yini kupfhuka?	positive
Ani gwenti hi ngoma ya luwei wah nwanhana â¤ï¸â¤ï¸â¤ï¸	positive
Swa kharata mpela. Khambi. Funtsi a ih swi tsiki. ğŸ˜”	negative
kambe ira mani risimu leri hi sungulaka awara ya naa. Rini tsakisa ngopfu vakaxi va mina. Rixile.	positive
Nina wena kola xokwe Mozambique nilo gee dstv #yrs	positive
Pfutseka! Para ti que ttaste	negative
Kassi hi wena Lolita ğŸ˜‚ğŸ˜‚ğŸ˜‚	positive
Sumo LOUMAR - A ku titimeta nkolo.	positive
Sono. U kwini	negative
Famba uya ti fassağŸ˜¤	negative
swinene ngopfu ni vuya matreno hina jogo mndzuku	positive
Np : puto Jr - male ya pepa	positive
Bwakakaka ni tsike	negative
A va vassati va loya!	negative
Ih KD Hawena	neutral
Alberto Machavele - Rungula.mp ğŸ˜ Rungula a maxaka manga kule ğŸ¥º	positive
Teka Famba ou Gina	neutral
U saize wa mbedo wa mina* ğŸ•ºğŸ½ğŸ”¥	positive
Wena pah ğŸ˜‚ğŸ˜‚ğŸ˜‚ no thleka lano	positive
Kalhe kalhe loko mahari kona nwina akutleleki,aku humeki,aku fambeki,aku tirheki aku endleki ntxumu loko nwina mahari la yotsama hi yingisela muze mufamba	negative
Va makwerhu, a mungoyothaya. em Tomanine-GuijÃ¡, Gaza, MoÃ§ambique	neutral
"": AHAHAHAHAHAHA waHidanissaa N*sia :D :D""oh ih Xixa hahahahhaha	negative
Namuvona buti tlhoye lowo yingana wona loko yifika a jone yi hembela a swi ntombana yiku papa yona i mulungo i nwana mama loyi mhani wayona angadji dinner yingase vuya akaya ari aswielhe ningase vona boy boy wamina yirandza a music wa sjava	neutral
Morning swa mbangue	negative
sala kata ha to	neutral
Swi helile swa ma pank, finish ğŸ˜¹ğŸ˜‚ğŸ˜‚âœŒ	positive
Nhee ni tsike	negative
Va delela! Ntlha	negative
Hahahahaha ih, tipo arrombaram o nhoster, ğŸ˜‚ğŸ˜‚ğŸ‘	negative
Wa famba o duwuliwa	negative
Thnx God mozambique shutdown #tag Nghena.na khensa ku tlakuriwa vanhu va mozambique Moamba, Maputo, Mozambique	positive
Ni humule ha hombe muzandziwa ğŸŒŠğŸŒŠ	positive
Mina ni sati wanga* Jay â™¡ Maputo, Mozambique	positive
Messi Wa Nhine ğŸ˜‚	negative
Hewe, thlanga u hluela!	positive
Ku ta faciwa swa bom	positive
Nem Ã© WOW. kasi a ni ya kwini	negative
Angihambi nawe wathi ngimubi wena	negative
swa kahle swi komba rirhandzu ra ntiyiso	positive
ğŸ˜‚ğŸ˜‚ğŸ˜‚ğŸ˜‚ğŸ˜‚ğŸ˜‚ mita phaka draw Ku tava lucky	positive
*a swa lissima ih kuh tibekah hansi*	positive
Na hanya. Ni khensile. ğŸ™	positive
Famba ti kundza.	negative
Uku ni dzo ğŸ˜‚ğŸ˜‚ğŸ˜‚ğŸ˜‚	negative
Lwandle(Xiluva) ingoma ya ku saseka	positive
Eish vo ni kama ca chapa-.-'	negative
mara buti Sydney Xikwembu ximu nikile ku hlamusela swilo swi nandzika, wativa ingi ova kwale.	positive
Hlula mine U hlula tingonyamo U ta teka tiko, I dzaco!	positive
#HHW Sesi famba uya vonana na papa face to face uhlamusela mhaka ya wena papa va rhelela moya	negative
Utafa u siya ulombe himaka tinhama	negative
ğŸ‡§ğŸ‡·ğŸš¶â€â™‚ï¸ğŸ’‡ğŸš´: ColisenÃ§a ğŸ‡²ğŸ‡¿ğŸš¶â€â™‚ï¸ğŸš´: Awe Xitombo xa mwako uly istrato xanhine wako lexy.ğŸ˜‚ğŸ˜‚	negative
Yeah,Famba a la mierda	negative
Tem ni dondza primeiro para ni khanela	positive
U bihile demais, lokhu ulangunta hansi a xikwembo swo kubha I mazwidji. ğŸ¤£ğŸ¤£ğŸ¤£	negative
Niku vonile na nifamba hi movha ani jahile niku vone ka nkuna ka palmeri	neutral
Vhondwa djow ğŸ¤¤ğŸ¤¤ğŸ¤¤ğŸ¤¤Xibhehe wa xi Tiva?	neutral
Manter estrada que estamos a pagar?ğŸ˜‚ğŸ˜‚ munga hilhupi	negative
hee wenna ni tsiki	negative
ğŸ‘ UNI TXOVA YINI ğŸ‘	negative
Ku gama ku humelela Mabandido ğŸ˜­	negative
nipfukile vhahaxi niya atirweni ni ndlhula nixava amapawa dj iwamativağŸ˜‚	positive
Buya u teka, ma kona hi stock.	positive
Wena uni ntxumo uxi mahaka ni guele, ingui u bom pra puto puto, mas haa	negative
Ih ni livrari, yu.	negative
Swa yantswa niva mbuya, nita Kuma ma regalias ğŸ˜’	positive
rixile vahaxi va mina nimi kuma kahle nirila Moz ka Khubu la. Obrigado	positive
Swi txiki leswo. Os dois se txendam aqui	neutral
And u tah swi kota	positive
utah ni dlaya salubri! #	negative
Swi swi swi swi swi swi swi swi ğŸ‘ğŸ½ ğŸ‘ğŸ½ ğŸ‘ğŸ½ ğŸ‘ğŸ½ ğŸ‘ğŸ½ ğŸ‘ğŸ½ jÃ¡ namoras?	positive
Famba moyeni bafanas!	neutral
Ximixweni, Madanbveni, ni Usiku #SikuNiSiku	positive
A mathapa na ma randza.	positive
Ni lava ku Susa Tosa	positive
ni bom, a caya kwaco khe?	positive
""Tsemba Jehova/ Wene nwana wa Xikwembu"" - #QuartaDeQuotes	positive
Ningene na nwina eka nili kwala Mozambique ka Macia, hi xohondzo lexi .	neutral
ku hava paito unwani handle ka mina	positive
Hewa ya Oxygen ğŸ˜	positive
Auxeni Va Jessica ni Va Jessico	positive
Rixile he skhokho, niku kuma kahle nirila ka ka Ncai Ncai e Mozambique! I ADOLFO MIMBIRE LA MOZ KA KHUBU.	neutral
Malome u ndjane?	positive
"": Blake me paga hahahahahahahahahahahahaha ih"" â¤	positive
Acula ai = aquilo ali. Mawaku ğŸ™ŒğŸ¾ğŸ™ŒğŸ¾ğŸ™ŒğŸ¾ğŸ˜‚ wa hi danissa juro	negative
ni pulukhe, no undla a vana vavano	positive
Ntaku Greeka wena	negative
Cada porcaria. Hosi yanga	negative
Himakha mune lesho, Em Moz seria ""ku ba mpama mina"" durante.	negative
swilo swa konağŸ˜‚ğŸ˜‚ğŸ˜‚ğŸ˜‚ hi voice ya Connizer	neutral
U zandza swiluğŸ˜‚ğŸ˜‚ğŸ˜‚	positive
Wa ni Danissa ğŸ™„	negative
ğŸ¤£ why uni lembrara lexwu ğŸ˜¤ wena wa kazata	negative
Ndlela yi rhandza mehe	positive
rixile he skhokho, mina niku kuma hi app yinwani hambi leswi yi pfaku yi tsema tsema nina nwina nirila Mozambique ka Ncai-Ncai hi ntirho.	negative
Hayi ta humesa, ta humesa, ta humesa, ta humesağŸ’ƒğŸ’ƒ MasupağŸ˜ğŸ¶ğŸ¤ŸğŸ¼	positive
Streaming live ni ri kwala Maputo. Bondia &amp;	neutral
Joyous Celebration - Hi Hanya Mahala ğŸ“¶ğŸ“¶ğŸ“¶ğŸ“¶	positive
na khensa bra ya Mina	positive
Ni ta pimissa	positive
ja wena Stella.	neutral
Phula minegue ni diwa atÃ© ku huma ndzilo	neutral
Swa fana hi tafa	negative
mina se lindivarr mina aita navhela aku teka giyane nitsakisa hi xibelane niri kola a magude	positive
Nwana Mutxangane i mutxangane em Praia do Bilene	positive
loko va yi rhanza cricket na	positive
Hi ku pfinha, va hi sola	negative
Xa gwirha Hii a XI vojani	negative
YABA BULUKU A FAZER HISTÃ“RIA	positive
Ni bha ma fato ni ma Air Force	positive
Swili leswi u tivaka nguiza Hina ku lava hi nyombela?	neutral
#HHW don't give up man zama ku mutsunduxa chomi ya wena uku: nikombela uni tlhelisela mali ya mina	positive
Swa yantswa uti twisa hiku Loku uta famba vata sala vati busa Cidade De Chokwe	neutral
ğŸ˜‚ğŸ˜‚ğŸ˜‚ U ya kwini	positive
Leswi uswi tivaka hi mina iswi tsongo eka leswi ninga hi xi swona U thnk Im an Artist n im more dan dat U thnk im a Government worker n im more dan dat U thnk im comedian n im more danâ€¦	positive
wow na khensa sesi mhana rivaldo vani khome kahle hi siku ra mina	positive
Hi honili ini jÃ¡?	negative
Fisseke wena pah	negative
hiri ni nghena	neutral
Mom: Dii faz coisa xx Eu: busy cota Mom: futseka. Nkila waku o humi uxi nampfa lexi, ja wa yala. ğŸ˜‚ğŸ˜‚ğŸ¤£I love her	negative
Hahaha ka dlala.ğŸ¤¦ğŸ¾â€â™‚ï¸	negative
Ni lavha ku hanha na yena Mina ningue fambi hi lane	positive
nile guija ni tlangela birthday ya mina	positive
La ka mina ku dyiwa ti coconut ğŸ¥¥. Maputo, Mozambique	positive
XÃ´ lava kunha sÃ³! Mara WA XI lumbeta	negative
swiswi ni vona Gavin a hindzela mahlweni	positive
Pfa khenseka pfoleswo! Namini ni bom, a Xikwembo xÃ¡ dzi hlayisa! ğŸ˜Š	positive
dzipelile u kone fanhana?	positive
ğŸ¤£ğŸ¤£ğŸ¤£ğŸ¤£ğŸ¤£ğŸ¤£ğŸ¤£ğŸ¤£ğŸ¤£ğŸ¤£famba u ya ti gunha hi parede.	negative
Hosi yanga ğŸ™†ğŸ¾â€â™‚ï¸ğŸ™†ğŸ¾â€â™‚ï¸ğŸ™†ğŸ¾â€â™‚ï¸	negative
Nghoma ya Nghena ma onha mhaka . a mosambiki va cina hinoo #tag Nghena miva rungula Moamba, Maputo, Mozambique	positive
xitombo xa ngwako	negative
Vataku yivissa mova mamanou, owooh. Wa tlanga wena. Keep tlanguing, uta dzila.	negative
swi nga va njhn loko mo xavisa paper ra far post every week? Hita sapota nwana mhani	positive
U La Ku Nitxintxa My Baby! U La Ku Nitxintxa My Baby!	negative
Ihh. A chirami ka lomuu!	negative
A xizami ehh ğŸ˜­	negative
A I landzi* ti dhlela	positive
Bom tarde matxaka ya minağŸ™‹ğŸ»â€â™€ï¸ğŸ‡²ğŸ‡¿ğŸ‡²ğŸ‡¿maputo	positive
Futseka wena. Famba ti ginha hi xpinhosa	negative
Nitafa na wena murandziwa Te amo Te amo Nitafa na wena murandziwa Te amo Te amo #Vibes	positive
esh na mina se ni mikuma kahle niri Khombomuni-Mozambique#Dankii	positive
Ni lava male sÃ³ğŸ’¯ğŸ¥°	positive
Ni vhona bemğŸ˜‚ğŸ˜‚ğŸ˜‚	positive
. wo ai ni)	positive
Re tsogile re ra wena	positive
U tadla biloko	negative
Marido: (apÃ³s ter pedido chÃ¡ hÃ¡ uma hora) serÃ¡ que ni ta kweva a chana namutla. Esposa: u ta kweva boy, aliÃ¡s boss. Marido: hi mani boy? Esposa: ni phazamile, hi wena boss. Assim estamos na esquadra ğŸ¤·ğŸ½â€â™‚ï¸	negative
Mmm. Swa hombÃ©. Ni pfhukile. Khanimambo	positive
Ungalaxlhi davhuku wawena, davhuku wa wena hivhutomi. Bom dia Javanhane GuijÃ¡ Gaza	positive
Amitxino ya barhule yifambisana nitisimu ta yenağŸ˜‚iswo rhuketela hikwaswo	negative
Ni randza nyama	positive
Ni bom manji wena kueh?	positive
A xizame xo kwapa hiğŸ¥¶	negative
Makwezu niko kombelela ka Xikwembu a minkateko ni hinkwafswo fi ku fanelaka, ti male, ma gudi laifi, ni mintirho yo tala. parabenja ğŸŠğŸ‰ğŸ‚ğŸğŸˆ ğŸ‚	positive
ğŸ˜‚ğŸ˜‚ Conforme Me Swi Vhonaka Isto Requer Uma Conxienxia e Idade Elevada!	neutral
Ni huma na marhama hey , khensa nsati wa mina wani hlayisa xem â¤â¤â¤â¤â¤	positive
hahahah u ta rendera	negative
F U pah ğŸ˜‚ğŸ˜‚ğŸ˜‚ğŸ˜‚ğŸ˜‚	negative
ni pfukile va haxi nho kufumetanhana amuphungo nita kufumetanhana anhokana nitaya atirwene	positive
ğŸ˜‚ğŸ˜‚ğŸ˜‚ğŸ˜‚ Damn. Na nadzika yaay	positive
Ah bro ya. ğŸ˜‚	positive
famba txuta hahaha. ğŸ˜‚	negative
kasi Mina se nilo onha yini Ti tweets ta Mina amihlayi vahaxi.	neutral
"": ğŸ˜‚ğŸ˜‚ğŸ˜‚ğŸ˜‚ğŸ˜‚ pvt""unga ni viajari wena txela nhama lanu	positive
Ka dlhiwa maleğŸ˜‹ğŸ˜‹	positive
Niku yingiseli niri ka xokwe Mozambique #mindzumba	positive
ya pokehh o xpantuu. #llzz	negative
ALOKU NIKU IM. ğŸ˜› ğŸ‘ŠğŸ¿_/ \_ğŸ‘ŠğŸ¿ ( . ) ğŸ† ğŸ‘– YA BA BULUKO ğŸ˜¹ğŸƒ	positive
niku yingiseli nile xokwe Mozambique dstv	positive
Yu , tindzava ? Tsika mbangui mpfana e nita ku desprogramara	negative
Buya lenu niku dondzissa ğŸ’ğŸ½â€â™‚ï¸	positive
minjane vahaxi vhantokoto mina nipfukile nonyimela ankama waphaphama wu hela nita kota a kuya ntirwene, hikuva akutireke loko kahana nwina vhahaxi	neutral
Timale Timale hi da ni mabitch ğŸµğŸµ	positive
Wa biwa lweiğŸ˜‚	negative
wasvivona svosvi, kopfukiwa. Hikhanga hi svihlaya lesvi khaale.	neutral
A ku khala ğŸ‘€. Ama saudade ğŸ˜¿ğŸ™Œ	positive
Ni pfhukile. Ho yini kupfhuka?	positive
Ni pfhukile. Khanimambo.	positive
A ni guenti ğŸ˜¹	positive
#HHW boti unga vileli Xikwembu xita hlayisa sesi vana mbilo ya sathana	negative
ğŸ˜‚ğŸ˜‚ğŸ˜‚ U ta Djikimela dzi mu tsika	neutral
A makhessemussi nkata ni ma lua de mel hitada xikamwe ungatxavi nkata hikussa sse hi txadile	positive
Swiyimbeleri ahi yeni . miva byela ku hina hi tiva ndlela(senya retla patela) Mozambique	neutral
ğŸ˜‚ğŸ˜‚ğŸ˜‚ğŸ˜‚ eka ğŸ¤®ğŸ¤¢ Teka famba Big ğŸ˜»ğŸ˜»ğŸ˜»ğŸ˜»	neutral
U ta famba maTilweni	positive
lol&gt&gt; shii manoo#slowly: wa biwa	negative
Hi pfukile Wa Matimba wahi londzovota	positive
â€œWa Vizinhouu Nikonbela Ko Loyiwaaâ€	negative
wa kala babu	neutral
WA SWI TIVA BRODIğŸ’ª	positive
nimu yingisela nile ka xokwe Mozambique dstv	neutral
Xitiloo xa djanine xitilo xa bobixine ahh yowee ()	neutral
Ubhema ama drugs wena.	negative
Teka famba bro ğŸ˜‹ğŸ˜‚	positive
Mamana wa bebe	positive
Na hanya. Akuna swa ku kazata. A va tsongwana va thlanga.	positive
Barcelona ( Loko ni file mungane rilane)	negative
Unga andlhali lÃ¡ BAZARA mintxumu ya caia.ğŸ˜‚ğŸ¤£ğŸ¤£ğŸ¤£ğŸ¤£	neutral
Vo hi fridjela Wenou, vo hi komba fswaku a ndlela ya sathana ya tika, ka hissa ala ansi, jÃ¡ wena langa kumbe u lava kuhissa loko ou kumbe pradise.	neutral
Ya va dudamel deja la vino tinto vermo	positive
A LOKO NIKU HIIN	neutral
Hiya Tlhava Mavacina, Hoo ka Docodela	positive
ğŸ˜‚ğŸ˜‚ğŸ˜‚ğŸ˜‚ keep voning. Na ku xuvha	positive
Ku phuza bem M Flow	positive
Na hanya. Aswina ku kazata. Khanimambo	positive
swa kahle leswo	positive
Ahii Loloza male ya Manhembana :D	positive
i ckali nitlanga hi tinamba.ğŸğŸ‚	positive
Mi svi vonakağŸ˜¹	neutral
Nikubula Rosinha wa minağŸ˜‚	positive
John Legend - Mina Na Wena	positive
Parceiro//a Novas mÃºsicas .HOSI HI PFUNI ğŸ”¥ .NINA XILONDZA MBILWINIğŸ”¥ .HOSI XIKWEMBO ğŸ”¥ WhatsApp +	positive
Hita khandziya ti bus ta ANC hi mbali swi khipa SWA DA hiya votela EFF On the Beach, Bilene Mozambique	positive
Hai wena mun ! ğŸ™ŒğŸ»	neutral
i fanela hiku rhandza kereke naku faya miti ya vanhu	positive
Xitombo xa wanku	negative
Hi va khale ka mungangu lowo! ğŸ˜ğŸ	positive
Loku u hi wona hiku ta hi yena, hi yena Yehova, hi yena A loku u hi wona na hili so hi yena, hi yena Yehova, hi yena Oh hi yena Yehova, hi yena, hi yena ğŸ§ğŸ¶ğŸ¶ğŸ¶	positive
A xitiloo xa boby hii nchine.	neutral
nimi ingisele niri ka Chokwe Gaza Mozambique via	positive
Conforme Mi Swi Vonaka!	neutral
mara dj unjani wena hiiÃ¬ğŸ˜‚ğŸ˜‚ğŸ˜‚ğŸ˜‚ğŸ˜‚	neutral
hi pfukili bem Doutor wena ke	positive
Swimbenhane vata hi rhivalela mas ava futseke.	negative
Ba Teka teka teka hi mani Mulato/ Ba Teka Teka Teka Hi mani Mulungo/ Ba Teka Teka Teka Hi mani Mbanyanga #XilhaulaMani	neutral
Siku dza namuhla dzi kathekilÃª ğŸ•ºğŸ¿	positive
Kuna Xukela, la ka mina kuna Xukela.kuna Xukela, lÃ¡ ka mina kuna Xukela! ğŸ”ˆğŸ”‰ğŸ”‰ğŸ”‰ğŸ”ŠğŸ”ŠğŸ”ŠğŸ”ŠğŸ”ŠğŸ”Š	neutral
Yena a ya kwine?	neutral
Swimbenhane wa dja ku ni hembissa ja ğŸ˜‚ğŸ˜‚ğŸ˜‚ğŸ˜‚ğŸ˜‚ğŸ˜‚	negative
Aloku niku im ğŸ˜› ğŸ‘Š_/ \_ğŸ‘Š ( . ) ğŸ† ğŸ‘– Ya ba buluko	neutral
Ka hissa kola missavene. ğŸ˜­ğŸŒ	negative
""Mi nga koloti munhu xanchumu, loko ku nga ri ku rhandzana; hikuva loyi a rhandzaka munhu-kulobye u wu hetisisile nawu"" - Varhoma :	neutral
Sesi lindiva niku yingisela kusuka dorobeni ra chokwe Mozambique kaya mbuya wayi tiva dstv kumbi wotwa	neutral
Agana tigana lweyi wa mamane. a tiya aya kuma nhimbou agama a swi teka a swivanani a swi peta DERENAJII	negative
Bom rapper. A gama ku biwa ğŸ˜­	negative
Awena, aku Duumm amamela, asvitwisisisa kahle ntiyiso linene ğŸ˜†ğŸ˜†.	neutral
high dj himi kuma kahle hirila Mozambique ka KHUBU hi . . I ADOLFO MIMBIRE KA KHUBU	negative
Niku khoma nile xokwe Mozambique	neutral
Xitomb* xa wuako	negative
ya xigadzana ehh	neutral
kannimambo, ni tsakÃª swi nene	positive
mina na wena	positive
Auxene. Moine ku pfuka	positive
Loku ungali wa mina swa yaswa ussussa mbilo ya mina	negative
Mabermuda- matilho*xa wula wula ğŸ¶ğŸ”¥ğŸ”¥	neutral
#DesafiodeDezDias siku dza wu Muni	positive
Wa swi tivela âœŠğŸ¾ğŸ”¥	positive
A gwala a dri yelhi namuntlha. noh sindrissa	positive
unga ni singuite ni mumu lÃ³	negative
Le wena wa ba zoza?	neutral
Depois saem hi matalane Vha buya vhata yih hlupa	negative
Niku yingiseli nile xokwe Mozambique nilo gee kola hansi ka nsinya wa nkanyi dstv	positive
Hi mbilo leyi yitsovekeke, hibuyisa #xikandarinha lexi angahisiyela madala wahina Calane da Silva (RIP,hitakombekisa lesvaku xahahisa. Mina,na munganu wamina wantloyi, hitaxitlatleka. Kutane, ntlangu lowu wuvuya hi kurula! Akutlangiwi:	positive
Messi Ã© xipoko a taku dhlaya iku bela bem	positive
pfuxa: Rafael Ndlhovu, ka Mavodze Antoni Nyathi la Pitori Cuvuka Valoyi ka Xisungele I ADOLFO KHOSA LA MOZ. KA KHUBU.	neutral
Nina n'wina.Ahi fambeni hita fika le ka hour : mutxayeri ifambisa kahle nongonoko. Mina ni tsame la back seat la a Gwambeland. intukulo wa Gwambe na Dzavale xihluke xa Ngungunyane.	neutral
Tseka tseka uta ni kuma hi ndlhela	positive
Hahahahaha hadjakufa lweyi. Ã‰ provocar overdose isso! ğŸ˜‚	negative
nitaku panhula hi xikwe xa tiro lÃ¡ ğŸ˜‚ğŸ˜‚	negative
Nifile ih wena	positive
Nako male ya mu phuntissa	negative
hina hi hanya mahala ka jesu ğŸ¤©ğŸ¤©ğŸ¤©	positive
ğŸ˜‚ğŸ˜‚ğŸ˜‚ğŸ˜‚ I nkarhi wa malamula	positive
ğŸ˜‚ğŸ˜‚ğŸ˜‚ğŸ˜‚ mwine mu tÃ¡ biwa jÃ¡. Ma ni lhekissa ğŸ˜‚ğŸ˜‚ğŸ˜‚ğŸ˜‚ğŸ˜‚ğŸ˜‚ğŸ˜‚ğŸ˜‚ğŸ˜‚ğŸ˜‚ğŸ˜‚ğŸ˜‚ğŸ˜‚ğŸ˜‚ğŸ˜‚	negative
Ih piki sixti i dii nirmil. Ftsekee. Maluuco	negative
ğŸ˜± oh hosi yanga ğŸ™†	negative
A nguenile matilweneğŸ˜­	negative
ğŸ˜¹ğŸ˜¹ğŸ˜¹ğŸ˜¹ğŸ˜¹ EDM, djoh. Wa hi danissa	negative
Help ka nhai mukomana	neutral
A vavasati ya tswira a tibi bem hi nhloko	negative
Mara dj wa marhandza mavhavha	neutral
Wa hlanha lweyiğŸ˜‚ğŸ˜‚	negative
Round ya nili kwala a Mozambique seni fikile a Maputo	neutral
Siku ni Siku	positive
Teka Famba o Txova	positive
Kulo sala ku ni tlela kanwe before ni vuyela joni	positive
Hunga kwati vavito ğŸ˜ğŸ˜ Ni dzivalele ğŸ˜ğŸ™ğŸ˜‚	negative
he Ningoss ani voni ku biha loku hiya hala ka Twitter na whtspp mara ka facebook swibihini. Niri Khombomuni-Mozambique	negative
A xitombo xa nandzika	positive
Wena, no ku Randza hi ku pimissa.	positive
#HHW Sesi byela va malume se vona vata hlamusela papa ku wa kuna dzovolo wa yena	positive
Munhu wa mina ku saseka	positive
Teka Famba Ya Man . Te amo ğŸ˜»	positive
Usho wena neh ğŸ˜‚ğŸ˜‚	positive
Utd wa biwaa ğŸ˜¹ğŸ˜¹ğŸ˜¹ğŸ˜¹ğŸ‘ğŸ¼	negative
â€œKasse mamana ya wena ii herioaâ€ğŸ˜­ğŸ˜­ğŸ˜¹	negative
taku endlela naha faka tinambara ta wena ka whatsapp leya xiputukezi	neutral
Conforme mo swi vonaka ğŸ˜¹ğŸ˜¹ğŸ˜¹âœŒ	neutral
Ni rungula my love nthabiseng mashaba ka xokwe ka xingange niheta hi sivari Vicente sambo a putfontein	positive
Ho hi danissa wena wananga	negative
wa biwa wene:-D	negative
A biwile hi xoque Mano Mone txii	negative
wa khala pah	positive
mina nitsakile swinene Gingirikani munu wa tshitsha	positive
Wa hi hemba mane ğŸ˜ª	negative
Mu xava kwini a nyama ya homu?	positive
Kkklk ni kombela uni sendela ka whatsup	positive
â€œYa Maning, ya Maning, ya Maning.â€	positive
Lano a moya wa paraia inkwawu hu fambela kolomo, entÃ£o sÃ³ podi u ti lunguissela bavou, xi ta Teka xi tereto	neutral
Ni Pfhuni Ku Tsova, Tsova Tsova ğŸ”¥ GOLD âš¡ï¸	positive
Aha swa mbangue. Tsala swi mbeni. Hloko ya pao	negative
Hi pfukile anti wena, vÃ¡ hanha kaya?	positive
Mina ni pimisa ku tasi. O desesperado=Cliente	neutral
ni kazalile phelassi	negative
niku ma garrafa	positive
ok a chikwembo cha swi vona	positive
Definetly GOATS Alexandre Langa - Rosa Maria Pedro Langa - Mamba ya Malepfu Hortencio Langa - Lirandzu	positive
"" a xa Lissima Ih Ku Ti Beka Hansi ""	positive
Tana u ta dya.	positive
â€œXitombo xa zaidaâ€	negative
ğŸ˜‚ğŸ˜‚ğŸ˜‚ğŸ˜‚ğŸ™ŒğŸ½ ni livrari. Txau	negative
Ku dliwa salada	positive
He mfoo wa xitwa xipapilani xa kokwani Dala	neutral
Aah futsek wena	negative
kassi wa tsonana?	negative
Wa hemba. Heineken e txilar aqui ğŸ˜ğŸ˜	positive
Malem ya ku tala ğŸ¶â¤	positive
HAHAHAHA FUTSEKA WENA.	negative
tavuya vahaxi mahaka matorokisi ni muyingisile niri kola akaya AMAGUDE MOZA.MBIQUEğŸ’ªâœŒ	neutral
DanÃ§ar tsova levanta a saia	positive
Unga vhoni ku gwira ni tlhela ni thakula mina khata kambe akuna munwane ane lweyi tsakisaka minouu ğŸµğŸµ	positive
Ya, no Xipamanine	positive
KING WA ÃFRICA	positive
WuaağŸ˜… swa ma SUPERA PATRICK ani tendereğŸ˜…	negative
Xitombo xa nhomphi ğŸ™„ğŸ˜’ğŸ˜‚	negative
Va galhi tiMbatsana kaMarracuene.	positive
U kundzekiwile bai.	negative
Namuntlha nada baiye, a xirhame ci demanji	negative
Mas ni yetxi yini? ğŸ˜‚ğŸ˜‚ğŸ˜‚ Unga ni loyissiğŸ˜‚ğŸ˜‚ğŸ˜‚	negative
Mu nga ni landzi. Na loya	negative
Niva vonili lavaka mhani ku va xongile swinene. ndlela ya Xai Xai na yona ya penga, na leswa maphorisa loko swiku yimisa swo tirha ro ""no problem, the problem is coca cola"" ğŸ˜‚ğŸ˜‚	negative
#Xiluvaxangaa #Mina ni langui wene Top top top ğŸ’ƒ bow	positive
Swa vavissa vakithi, ho ondza na vo kuluka.	negative
ğŸ˜†ğŸ˜†ğŸ˜†ğŸ˜†ğŸ˜†ğŸ˜†ğŸ˜†ğŸ˜† A xizame da kwapa mesmo	negative
Namina ihm swa gambağŸ˜ Ja na viağŸ•ºğŸ¤‘	neutral
Hoyini ku pfuka	positive
Unga lhai, lava vÃ¡ lhayaka swaku kuni ma gerador nem a vÃ¡ kutive Albasine cola ka maputsu, ambi bobole loko kungana placa ava ku tive, ja vÃ¡ tiva ma gerador ya tiko, hewenou, hambe male kona ma gerador a mana gasolina pru falta ya orÃ§amento.	negative
Wa swi tivelağŸ‘ŒğŸ‘ŒğŸ˜‚ğŸ˜‚ğŸ˜‚ğŸ˜‚ğŸ˜‚	positive
swivula kurhi xithembiso xa vona axika hetisekanga hikuva a xihlangi hixona xi tiyisaka a varadzane aka rixaka hambi kurhi mungangeni akurhi adam siolhe la chibuto mozambique	positive
Nikensa Yesu Ã© ğŸ”¥	positive
Fissekane ni Barcelona yenu ğŸ˜‚ğŸ˜‚ğŸ˜‚ğŸ˜‚ #HallaMadid ğŸ˜ğŸ˜ğŸ˜	negative
Ni humile ğŸ˜…ğŸ˜…	positive
Pimissa nhana u tsika madururo	negative
Ni tsundzuka Vicente sambo a putfontein police station ka xingange nsati wamina nthabiseng mashaba ka xokwe	neutral
Unga ni lhanhele mina	negative
Ani madururu npfana lweyiğŸ˜¹	negative
Swi tivissi swi biya kk	negative
ni khensile nd ntava nayena mundzuku	positive
wa gwira weni pa	negative
Wa swi tivaa	positive
A mbilo yanga cho ba	positive
nina wena kola xokwe Mozambique	positive
Bwakakaka, hi lhevana muito mal ğŸ˜‚ğŸ˜‚ğŸ˜‚ğŸ˜‚	neutral
""Wansati wa ku xonga ku tlhula wene? Animutive minoo?""	positive
Wena wa xitiva	positive
Wena wa tsoga yong	positive
Banani MÃ¡ Voko, Assistam In Loko #ouEP	positive
ğŸ˜¹ğŸ˜¹ğŸ˜¹ğŸ˜¹ğŸ˜¹ğŸ˜¹ loku u dlhawa hi precoce ğŸ˜¹ğŸ˜¹	negative
Na hanya. Aswina ku kazata.	positive
Na mukha ni ya Kaya	neutral
Loku u gwuira ni ta ku tsika ğŸ¶ ğŸ•ºğŸ¿	negative
